filename,transcription
common_voice_en_1.mp3, I'm interested only in the present.
common_voice_en_10.mp3, The boy looked out at the horizon.
common_voice_en_100.mp3, I admit that I'm an alcoholic.
common_voice_en_1000.mp3, I was disappointed at this inanimate bulk.
common_voice_en_10000.mp3, The parents should look out for correct grammar and pronunciation and speak into their church.
common_voice_en_100000.mp3, I'm getting Trevor ready.
common_voice_en_100001.mp3, All I want to do is be left alone
common_voice_en_100003.mp3, Yorkshire is my county.
common_voice_en_100004.mp3, Be sure you spell the name right.
common_voice_en_100005.mp3, The population was increasing exponentially.
common_voice_en_100006.mp3, How long since we've seen each other?
common_voice_en_100007.mp3, I wish they'd stop that practicing.
common_voice_en_100008.mp3, This building has an elevator which is necessary for wheelchairs.
common_voice_en_100009.mp3, He felt unsafe like during his first lesson in driving school.
common_voice_en_10001.mp3, I find the other argument dubious.
common_voice_en_100010.mp3, The descent was disturbingly steep.
common_voice_en_100011.mp3, The chairlift took them up the mountain.
common_voice_en_100012.mp3," Well, I should think it was sudden."
common_voice_en_100013.mp3, I need some time to think
common_voice_en_100014.mp3, I feel so good I could spit.
common_voice_en_100015.mp3, That man is terrific.
common_voice_en_100016.mp3, Pizza is an Italian classic.
common_voice_en_100017.mp3, How much do you need?
common_voice_en_100018.mp3, The Englishman vanished too. Gone to find the alchemist.
common_voice_en_100019.mp3," Finally, after hours of waiting, the guard bathed the boy enter."
common_voice_en_10002.mp3, That's the fourth study I've been writing today.
common_voice_en_100020.mp3," A current of love rests from his heart, and the boy began to pray."
common_voice_en_100021.mp3, Most of them were staring quietly at the big table.
common_voice_en_100022.mp3, And then he perceived it very slowly.
common_voice_en_100023.mp3, The two men hurried back and found the cylinder still lying in the same position.
common_voice_en_100024.mp3," At other times, at a crucial moment, I make it easier for things to happen."
common_voice_en_100025.mp3, The alchemist told the boy to place the shell over his ear.
common_voice_en_100026.mp3, They locked themselves in their laboratories and tried to evolve as gold had.
common_voice_en_100027.mp3, The land was ruined and I had to find some other way to earn a living.
common_voice_en_100028.mp3,
common_voice_en_100029.mp3, The desert was all sand in some stretches and rocking waters
common_voice_en_10003.mp3," They are not really friends, they just walk together and talk from time to time."
common_voice_en_100030.mp3," I've been looking for you all morning,"" he said, as he led the boy outside."
common_voice_en_100031.mp3, თᴉ იᴗთეako ნកᴗ იᴗეჁი გეჂ჋ლ ბᴇ ʌინვვე ინიეელედჟდე.
common_voice_en_100032.mp3, ᐀� recto
common_voice_en_100033.mp3, Thank you for watching and I'll see you in the next video!
common_voice_en_100034.mp3, I just know that the tradition is always right.
common_voice_en_100035.mp3, I saw a young man standing on a cylinder and trying to scramble out of the hole again.
common_voice_en_100036.mp3, I forgot my hat.
common_voice_en_100037.mp3, Mohammed plays often with the computer.
common_voice_en_100038.mp3, Why does Melisandre look like she wants to consume John Snow on the right at the wall?
common_voice_en_100039.mp3, And my name's Michael.
common_voice_en_10004.mp3, The rule has been long and prosperous.
common_voice_en_100040.mp3, The burning fire had been extinguished.
common_voice_en_100041.mp3, He didn't want any conversation at this point.
common_voice_en_100042.mp3, I should say not.
common_voice_en_100043.mp3, I was impatient to see it opened.
common_voice_en_100044.mp3, The clever men could be ignored.
common_voice_en_100045.mp3, It was like electricity through her veins.
common_voice_en_100046.mp3, Every purchase is about...
common_voice_en_100047.mp3," Lions hunt their prey with sprints, whereas wolves take advantage of their stamina."
common_voice_en_100048.mp3, What's the matter with you?
common_voice_en_100049.mp3, Activists claim the pipeline through the Baltic Sea is leaking.
common_voice_en_100050.mp3, He was betting on that outcome.
common_voice_en_100051.mp3, I want to meet this with you.
common_voice_en_100052.mp3, Fast food is convenient but often unhealthy.
common_voice_en_100053.mp3, I've got to get started on my interview.
common_voice_en_100054.mp3, I can stand being spoiled a little.
common_voice_en_100055.mp3, What are you trying to do?
common_voice_en_100056.mp3, Have you seen my mom?
common_voice_en_100057.mp3, That's a Christmas present from a very dear friend of mine.
common_voice_en_100058.mp3, He's the only husband I've got.
common_voice_en_100059.mp3, But it is not a class that was requested by alumni or prospective students.
common_voice_en_10006.mp3, Adding new features was building my future.
common_voice_en_100060.mp3, I would put it up there.
common_voice_en_100061.mp3," Compared to other countries in the world, Japan has a very low birth rate."
common_voice_en_100062.mp3, Let him have everything he wants.
common_voice_en_100063.mp3, I had a memo from art today
common_voice_en_100064.mp3, We cannot forget that farce.
common_voice_en_100065.mp3, We will have to run if we want to catch that bus.
common_voice_en_100066.mp3, The constitution of his flat was not optimal.
common_voice_en_100067.mp3, I can't find it anywhere.
common_voice_en_100068.mp3, Tell them it's a case of serious delirium.
common_voice_en_100069.mp3, She composed an emotional song in her bedroom.
common_voice_en_100070.mp3, Machine gun fire woke the future tubes and sent them into a frenzy.
common_voice_en_100071.mp3, Garlic can be used to fight vampires.
common_voice_en_100072.mp3, Viral marketing is a buzzword used frequently by economists.
common_voice_en_100073.mp3," Yeah it's definitely worth checking out, especially if the pay is reasonable and the work is good for your career.  There was absolutely no reason for her to announce it to the entire company."
common_voice_en_100074.mp3, We visited a concert in the famous opera house in Sydney.
common_voice_en_100075.mp3, Where's your coat and hat?
common_voice_en_100076.mp3, It almost gives him the feeling he wasn't wanted.
common_voice_en_100077.mp3, Your account's still here.
common_voice_en_100078.mp3, 50 cents on the dollar
common_voice_en_100079.mp3, Coach has heard all about you.
common_voice_en_10008.mp3," As it holds, bend it here."
common_voice_en_100080.mp3," According to the predominant notion in the Vatican, condoms can be used in spite of HIV."
common_voice_en_100081.mp3," To what do I owe the pleasure of your presence, he said."
common_voice_en_100082.mp3, The package has been flagged as outdated.
common_voice_en_100083.mp3, Your father's had a stroke of luck
common_voice_en_100084.mp3," To measure the performance accurately, we need a benchmark."
common_voice_en_100085.mp3, Will you pay for it or won't you?
common_voice_en_100086.mp3, It's just exactly what I wanted.
common_voice_en_100087.mp3, We've got to get to them.
common_voice_en_100088.mp3, Caught it coming home from school
common_voice_en_100089.mp3, It was just right enough to eat
common_voice_en_100090.mp3, How do you stop this thing?
common_voice_en_100091.mp3, But it's just something I forgot to pack.
common_voice_en_100092.mp3, flowers or another magazine subscription
common_voice_en_100093.mp3, She was jealous of the girl with polish on her nails and a handsome guy at her side.
common_voice_en_100094.mp3, They're not my children.
common_voice_en_100095.mp3, Is daddy in trouble?
common_voice_en_100096.mp3, One that we will write.
common_voice_en_100097.mp3, That woman is going to be on that roof.
common_voice_en_100098.mp3, And I'll say it in my own words this time.
common_voice_en_100099.mp3, She sat on the floor drinking her coffee.
common_voice_en_1001.mp3," About 11 hours back to my home in Mayberry, because nothing seemed to be happening."
common_voice_en_10010.mp3, Den mener jeg troede om.
common_voice_en_100100.mp3," I have disabled some of the certificate authorities, but they're not greyed out in this list."
common_voice_en_100101.mp3, That's some heck you got on there
common_voice_en_100102.mp3, The paramedics took out the defibrillator to reanimate the motorcyclist.
common_voice_en_100103.mp3, One of the town's landmarks is the City Wall.
common_voice_en_100104.mp3, Can I help you peck?
common_voice_en_100105.mp3, We're not allowed to tell.
common_voice_en_100106.mp3, Don't make a government project out of this.
common_voice_en_100107.mp3, Light up with the street with Johnson.
common_voice_en_100108.mp3, You and I were the only ones that kept our heads.
common_voice_en_100109.mp3, When did you get back?
common_voice_en_10011.mp3, I guess they just can't help it
common_voice_en_100110.mp3, The aeroplane rose gracefully into the sky.
common_voice_en_100111.mp3, She had a cardigan on.
common_voice_en_100113.mp3, I know you'll pay it back when you can.
common_voice_en_100114.mp3, You don't seem like a guy that would fall into line.
common_voice_en_100115.mp3, Want someone to take you home?
common_voice_en_100116.mp3, The train lines provided an easy path to follow.
common_voice_en_100117.mp3, I wonder how many times a year this happens.
common_voice_en_100118.mp3, The volume wouldn't increase much further.
common_voice_en_100119.mp3, It just happened to be passing by.
common_voice_en_10012.mp3, Come on here now
common_voice_en_100120.mp3, Linux on desktop has about 4% market share in Germany.
common_voice_en_100121.mp3, What did you just say a minute ago?
common_voice_en_100122.mp3, I want to do what I want to do.
common_voice_en_100123.mp3, The model can be initialised with sparse coding.
common_voice_en_100124.mp3, Then who are you?
common_voice_en_100125.mp3, This president is completely lost.
common_voice_en_100127.mp3, Why don't you try Johns Hopkins in Baltimore?
common_voice_en_100128.mp3, Hurry up and we'll go out.
common_voice_en_100129.mp3," Equation 5 does not include translation, which the text suggests it does."
common_voice_en_10013.mp3, You'll get your money in 60 days.
common_voice_en_100130.mp3, Don't talk too loud.
common_voice_en_100131.mp3, I'm just your little rent collector.
common_voice_en_100132.mp3, I can see that.
common_voice_en_100133.mp3, I'm addicted to recycling.
common_voice_en_100134.mp3, He wants to get Jill started in the research business.
common_voice_en_100136.mp3, Everything vintage you can imagine that can fit into a small space is there.
common_voice_en_100137.mp3, John Catherine topped them all.
common_voice_en_100138.mp3, It's a good thing I got here in time.
common_voice_en_100139.mp3, I just got an email from my crush.
common_voice_en_100140.mp3, The file he copied ended up in the trash can.
common_voice_en_100141.mp3, We've passed her up right along.
common_voice_en_100143.mp3, Coming down the block is the biggest strip steam roller I have ever seen.
common_voice_en_100144.mp3, I'm afraid I already know great many people.
common_voice_en_100145.mp3, He's always making a speech.
common_voice_en_100146.mp3, They have cheap sausages and fries at the brewery tomorrow.
common_voice_en_100147.mp3, Do you understand that?
common_voice_en_100148.mp3, There goes another scrap lady.
common_voice_en_100149.mp3," Fan blade spun in the summer's eve, calling the guests below."
common_voice_en_10015.mp3, HTML is not a programming language.
common_voice_en_100150.mp3, Isn't it all too wonderful?
common_voice_en_100151.mp3, What time is it?
common_voice_en_100152.mp3, This must obviously be a challenge for her.
common_voice_en_100153.mp3, That sounds like their problem.
common_voice_en_100154.mp3, and he came down after the game with the contract.
common_voice_en_100155.mp3, And so will you.
common_voice_en_100156.mp3, When you need this getaway
common_voice_en_100157.mp3, I can smell it.
common_voice_en_100158.mp3, This is Mr. Zach Carter.
common_voice_en_100159.mp3, I thought I'd give the kids a treat.
common_voice_en_10016.mp3, My room for Mrs. Chelsea
common_voice_en_100160.mp3, Formatting of tables should be improved.
common_voice_en_100161.mp3, I saw him get it.
common_voice_en_100162.mp3, The sunset sometimes turns the sky red.
common_voice_en_100163.mp3," From where I am, the Sun said, I can see the soul of the world."
common_voice_en_100164.mp3, The Englishman had several suitcases filled with books.
common_voice_en_100165.mp3, The hand with the whip pointed to the south.
common_voice_en_100166.mp3," This can't be stressed enough. I am innocent, he cried desperately."
common_voice_en_100167.mp3, The blaze is full of cockroaches.
common_voice_en_100168.mp3, A woman ought to be prepared for any emergency.
common_voice_en_100169.mp3, I warned her that I wasn't coming.
common_voice_en_10017.mp3, You guys can get 3 box left
common_voice_en_100170.mp3, So you combine pleasure with business.
common_voice_en_100171.mp3, It was due to our knowledge and experience that she solved the mystery first.
common_voice_en_100172.mp3, Did you know there's a word on?
common_voice_en_100173.mp3, I'm proud of people to drown in the fountain.
common_voice_en_100174.mp3, this sapling will once become a giant oak tree
common_voice_en_100175.mp3, it is generally less air-fond than using the balty and switch to com-
common_voice_en_100176.mp3, Well brings you good luck for 10 years.
common_voice_en_100177.mp3, Then he may be caught on a lade.
common_voice_en_100178.mp3," It was the Levantor, the wind that came from Africa."
common_voice_en_100179.mp3, I'm never more aware of a room's acoustics than when I'm trying to enjoy a snack I have no intention of sharing.
common_voice_en_10018.mp3, I swear it on my mother's grave.
common_voice_en_100182.mp3," Goodbye, said the boy."
common_voice_en_100183.mp3, It brought his heart into his mouth.
common_voice_en_100184.mp3," I pointed out Mars, a bright dot of light."
common_voice_en_100185.mp3," It's the other foreigner, the Englishman."
common_voice_en_100187.mp3, because you have already lost your savings twice.
common_voice_en_100188.mp3, I don't want to change anything because I don't know how to deal with change
common_voice_en_100189.mp3, One night the father had a dream.
common_voice_en_10019.mp3," Coffee coated all the surfaces, it was just extremely sticky."
common_voice_en_100190.mp3," As they moved along, the boy tried to listen to his heart."
common_voice_en_100191.mp3, The merchants were assembling their stalls and the boy helped a candy seller to do his.
common_voice_en_100192.mp3, Not until the moon was high did the alchemist ride into view.
common_voice_en_100193.mp3," Asked the owner of that stall how much the sword costs, he said to his friend."
common_voice_en_100194.mp3," Well, why don't you go to Mecca now? asked the boy"
common_voice_en_100195.mp3, only when he consents.
common_voice_en_100196.mp3, He said that everything has its own destiny.
common_voice_en_100197.mp3, It's called the principle of favorability.
common_voice_en_100198.mp3, They filled three sacks.
common_voice_en_100199.mp3, The problem is that they don't even realize that they're walking a new road every day.
common_voice_en_1002.mp3, At that time it was clear in my own mind that the thing had come from the planet Mars.
common_voice_en_100200.mp3, From the railway station in the distance came the sound of trains ringing and rumbling.
common_voice_en_100201.mp3, He picked up the two stones and put them back in his pouch.
common_voice_en_100202.mp3, And there I spoke of death.
common_voice_en_100203.mp3," When he saw Henderson in his garden, he called over the fence and made himself understood."
common_voice_en_100204.mp3, When were these books written? the boy asked.
common_voice_en_100205.mp3, and ask for a glass of wine for me.
common_voice_en_100206.mp3, He had surprised himself with the thought.
common_voice_en_100207.mp3, The Englishman was disappointed.
common_voice_en_100208.mp3," Three days from now, he would be with the merchant's daughter."
common_voice_en_100209.mp3, Can I help you? Ask the man behind the window.
common_voice_en_10021.mp3, I always have been
common_voice_en_100210.mp3," It's true, life really is generous to those who pursue their destiny, the boy thought."
common_voice_en_100211.mp3, And the murmur lasted longer than a simple vowel would have.
common_voice_en_100212.mp3, He should respect tradition.
common_voice_en_100213.mp3, Another trick the boy thought.
common_voice_en_100214.mp3, I don't know the desert that well yet.
common_voice_en_100215.mp3," They made the boy continue digging, but he found nothing."
common_voice_en_100216.mp3, Rest well as if you wear a warrior preparing for a combat.
common_voice_en_100217.mp3, But Fatima's hands held the handles of a jug.
common_voice_en_100218.mp3, The boy continued to listen to his heart as they crossed the desert.
common_voice_en_100219.mp3, They never found the secret.
common_voice_en_10022.mp3, The money is mine today
common_voice_en_100220.mp3, ༀༀༀༀༀༀༀༀༀༀༀༀༀༀༀༀༀༀༀༀༀༀༀༀༀༀༀༀༀༀༀༀༀༀༀༀༀༀༀༀༀༀༀༀༀༀༀༀༀༀༀༀༀༀༀༀༀༀༀༀༀༀༀༀༀༀༀༀༀༀༀༀༀༀ
common_voice_en_100221.mp3," They might have even become friends, but the Englishman closed off the conversation."
common_voice_en_100222.mp3," So now, I'm a Camel Driver."
common_voice_en_100223.mp3, The strange horseman drew an enormous curved sword from a scabbard mounted on his saddle.
common_voice_en_100224.mp3, The Englishman was disappointed.
common_voice_en_100225.mp3, It was no more exciting than an overturned carriage or a tree blown across the road.
common_voice_en_100226.mp3," There is a variety of possibilities, but the checkpoint pattern doesn't seem appropriate here."
common_voice_en_100227.mp3, Do you know what?
common_voice_en_100228.mp3, They can't use the Gena dog clubs for politics.
common_voice_en_100229.mp3, I'm getting them for 12 dollars a night.
common_voice_en_10023.mp3, شكرا لكم
common_voice_en_100230.mp3, It was a fighter jet flying between the buildings.
common_voice_en_100231.mp3, Give this essay one of six points
common_voice_en_100232.mp3," Of course, the two were unable to do anything."
common_voice_en_100233.mp3, I was scared but wasted no time in going out and crossing the bridge to the sand pits.
common_voice_en_100234.mp3," Looking through the telescope, I saw a circle of deep blue and the little round planet."
common_voice_en_100235.mp3, Ogably watched till one and then gave up.
common_voice_en_100236.mp3," Coming home, a party of tourists passed us, singing and playing music."
common_voice_en_100237.mp3, The thought was so dreadful to him that he forgot about the heat and went forward.
common_voice_en_100238.mp3, I just don't trust anyone who says they've never had hamburger helper.
common_voice_en_100239.mp3," It was glaringly hot, not a cloud in the sky nor a breath of wind."
common_voice_en_10024.mp3, оттенк скромный факт
common_voice_en_100240.mp3, The time must have been somewhere around six o'clock.
common_voice_en_100241.mp3," If a person is living out his destiny, he knows everything he needs to know."
common_voice_en_100242.mp3, He began to dig at the base of the Sycamore.
common_voice_en_100243.mp3, He was learning a lot of new things.
common_voice_en_100244.mp3, Imagine if everyone went around transforming lead into gold.
common_voice_en_100245.mp3," ""'Because my eyes are not yet accustomed to the desert,' the boy said."""
common_voice_en_100246.mp3, He thought of all the married shepherds he had known.
common_voice_en_100247.mp3," I want to tell you a story about dreams, say the Alchemist."
common_voice_en_100248.mp3, The guy thought he was a lunatic at large and made an unsuccessful attempt to stop him.
common_voice_en_100249.mp3," No one can be from any places, the boy said."
common_voice_en_10025.mp3, I got to figure something out at this time.
common_voice_en_100250.mp3, But the merchant understood what the boy had said.
common_voice_en_100251.mp3, The alchemists spend years in their laboratories observing the fire that purified the metals.
common_voice_en_100252.mp3, In those days very few of the people had any idea about astronomy.
common_voice_en_100253.mp3," The next day, the boy met the old man at noon."
common_voice_en_100254.mp3," Now, I can mean it's called the Soul of the World."
common_voice_en_100255.mp3, What is a foreigner doing here? Ask another of the men.
common_voice_en_100256.mp3, Tower of Strength
common_voice_en_100257.mp3, Can I see the movie times for the Great Escape theaters?
common_voice_en_100258.mp3, I'll be next door.
common_voice_en_100259.mp3, I may have overslept.
common_voice_en_10026.mp3," When you are ready for even faster browsing, check out my post on custom web commands with the app driver."
common_voice_en_100260.mp3, Add my track to old-school metal playlist.
common_voice_en_100261.mp3, Book me a reservation for midday at French Camp Academy.
common_voice_en_100262.mp3, I heard a faint movement under my feet.
common_voice_en_100263.mp3," Coming home, a party of two espasas singing and playing music."
common_voice_en_100264.mp3, About 11 I walked back to my home in my neighbouring because nothing seemed to be happening.
common_voice_en_100265.mp3, At that time it was quite clear in my mind that things had come from Planet Mars.
common_voice_en_100266.mp3," Before guns were invented, armies had to throw bullets at each other and if bullets touched you, you have to set out until the next war."
common_voice_en_100267.mp3, I'm going to do it.
common_voice_en_100268.mp3, Air was either entering or escaping at the rim with a thin system sound.
common_voice_en_100269.mp3, There was very little talking.
common_voice_en_10027.mp3," Angelice Faggant, she told me"
common_voice_en_100270.mp3, We had seen the shooting stars and persuaded that meteorite lay somewhere nearby.
common_voice_en_100271.mp3, I don't want any plastics.
common_voice_en_100272.mp3, But everyone and his Aunt Lilian's had been through that bag.
common_voice_en_100273.mp3, Benjamin was snacking on strips of bacon.
common_voice_en_100274.mp3, I don't blame you.
common_voice_en_100275.mp3," I think someone, somebody stole one of his crown jewel."
common_voice_en_100276.mp3, Only Christ could wait quite as long as the other.
common_voice_en_100277.mp3, Are you going to go to Juliet?
common_voice_en_100278.mp3, He heard the war.
common_voice_en_100279.mp3, Do you know what?
common_voice_en_10028.mp3, They started right and right then...
common_voice_en_100280.mp3, There is a way out.
common_voice_en_100281.mp3, Say something else.
common_voice_en_100282.mp3, Would you like a cappuccino?
common_voice_en_100283.mp3, Until they be garnished.
common_voice_en_100284.mp3, Shall we have any friends?
common_voice_en_100285.mp3, you let out number five
common_voice_en_100286.mp3, We need to talk.
common_voice_en_100287.mp3, We are near the end of the beginning and that feels great.
common_voice_en_100288.mp3, He really doesn't look so bad
common_voice_en_100289.mp3, but you can't bring them in here
common_voice_en_100290.mp3, Come down to dinner this minute.
common_voice_en_100291.mp3, You won't want to kill anyone.
common_voice_en_100292.mp3, Never mind about that.
common_voice_en_100293.mp3, The county lane was muddy and poorly lit.
common_voice_en_100294.mp3, You know it is.
common_voice_en_100295.mp3, We better forget it.
common_voice_en_100296.mp3, Caesar.
common_voice_en_100297.mp3, in the Shoreline Hotel.
common_voice_en_100298.mp3, With a bag of musk bellow.
common_voice_en_100299.mp3, That wasn't all necessary.
common_voice_en_1003.mp3, someone away while I was there and other people came
common_voice_en_10030.mp3," Of course, that's all you need to do to see the idea of the problem."
common_voice_en_100300.mp3, You don't deny that.
common_voice_en_100301.mp3, The proposal approach provides state-of-the-art results at very low computation costs.
common_voice_en_100302.mp3, Uncle Jack and I are going to miss you.
common_voice_en_100303.mp3," If you want something, you gotta go get it."
common_voice_en_100304.mp3, The one you marry has got to swim rivers for you.
common_voice_en_100305.mp3, I recommend investing in a good microphone.
common_voice_en_100306.mp3, I'm on the job.
common_voice_en_100307.mp3," He ate his dinner in solitude, contemplating his solemn task."
common_voice_en_100308.mp3, without a single quiver
common_voice_en_100309.mp3," On our way to San Francisco, we were listening to reggae music and smoking weed."
common_voice_en_10031.mp3," Of course, thanks for taking time to watch this video."
common_voice_en_100310.mp3, Can you see what it means to my family?
common_voice_en_100311.mp3, I won't shut up.
common_voice_en_100312.mp3, Do you know what's wrong with you?
common_voice_en_100313.mp3, I never knew Grandma to be so determined before.
common_voice_en_100314.mp3, Read all about it.
common_voice_en_100315.mp3, He's looking for you.
common_voice_en_100316.mp3, The thing's not working.
common_voice_en_100317.mp3," If you are using Firefox, try out this sample module."
common_voice_en_100318.mp3, She went backpacking around Europe with a friend from high school.
common_voice_en_100319.mp3," Whenever I fall asleep, I don't dream."
common_voice_en_10032.mp3," Do you think it's during that, that you keep it?"
common_voice_en_100320.mp3, Touching the knob of the door triggers this Bluetooth camera to take a snapshot.
common_voice_en_100321.mp3," To do Linux development, I rely on NX, a remote desktop solution."
common_voice_en_100322.mp3, This is a ludicrous situation.
common_voice_en_100323.mp3, It could have been written much more clearly.
common_voice_en_100324.mp3, light up with the street with Johnson
common_voice_en_100325.mp3, You and I were the only ones that kept our heads.
common_voice_en_100326.mp3, The kangaroo hopped noisily.
common_voice_en_100327.mp3, How are you doing?
common_voice_en_100328.mp3, You will need some rubber boards.
common_voice_en_100329.mp3, That's what she said the last time.
common_voice_en_10033.mp3, What do you think you're doing?
common_voice_en_100330.mp3, It was aligned perfectly.
common_voice_en_100331.mp3, This is John Davies.
common_voice_en_100332.mp3, Darkness fell upon the foreman as they laying weight atop the mountain.
common_voice_en_100333.mp3, There was no justification for it.
common_voice_en_100334.mp3, The rap music with its loud electronic beats is called hip-hop.
common_voice_en_100336.mp3, glass yield is on the menu today but it's too expensive
common_voice_en_100337.mp3, A drilling machine is used to fix it to the ice hockey goal.
common_voice_en_100338.mp3, Out of the mouths of babies
common_voice_en_100339.mp3, There were 30 girls on the soccer field.
common_voice_en_10034.mp3, Would you like to stand?
common_voice_en_100340.mp3, I didn't say anything.
common_voice_en_100341.mp3, She wasn't her type.
common_voice_en_100342.mp3, I think I got a date.
common_voice_en_100343.mp3, Deep Speech is a state-of-the-art deep learning-based speech recognition system.
common_voice_en_100344.mp3, I passed away in it.
common_voice_en_100345.mp3, The Big Charleston Contest
common_voice_en_100346.mp3," Yes, that is the coat I want to wear."
common_voice_en_100347.mp3, Shall I announce you?
common_voice_en_100348.mp3, Give me precise instructions how to decontaminate the true power.
common_voice_en_100349.mp3, get me water burns
common_voice_en_10035.mp3, The symmetric cryptography uses pairs of keys.
common_voice_en_100350.mp3, My laptop has crashed.
common_voice_en_100351.mp3, My roommate's boyfriend is taking up two shelves of fridge space with his beer.
common_voice_en_100352.mp3, It was there that the wise man lived.
common_voice_en_100353.mp3, The girl dropped the container and the water spilled.
common_voice_en_100354.mp3, And don't forget the language of the omens.
common_voice_en_100355.mp3, The tribal chief tamed called for the boy and presented him with 50 pieces of gold.
common_voice_en_100356.mp3," All the things I want, the boy thought."
common_voice_en_100357.mp3, Can I help you? Ask the man behind the window.
common_voice_en_100358.mp3, That's what I'm going to do.
common_voice_en_100359.mp3, We speak of them only to children.
common_voice_en_10036.mp3," The freeway was nearly deserted, so the crews were fallessly to the exit."
common_voice_en_100360.mp3, I don't know how to turn them into reality.
common_voice_en_100361.mp3, مرحبا کی ہے؟
common_voice_en_100362.mp3, But those who know about said things know that those are coming and coming.
common_voice_en_100363.mp3, ༼ ༼ ༼ ༼ ༼ ༼ ༼ ༼ ༼ ༼ ༼ ༼ ༼ ༼ ༼ ༼ ༼ ༼ ༼ ༼ ༼ ༼ ༼ ༼ ༼ ༼ ༼ ༼ ༼ ༼ ༼ ༼ ༼ ༼ ༼ ༼ ༼ ༼ ༼ ༼ ༼ ༼ ༼ ༼ ༼ ༼ ༼ ༼ ༼ ༼ ༼ ༼ ༼ ༼ ༼ �
common_voice_en_100364.mp3, He's allergic to him.
common_voice_en_100365.mp3, to keep on pitching.
common_voice_en_100366.mp3, She knows it too.
common_voice_en_100367.mp3," Eddie, current brakes are not suitable for locking a wheel."
common_voice_en_100368.mp3," An ultimatum from Edward, and this one's final."
common_voice_en_100369.mp3, She comes by it naturally.
common_voice_en_10037.mp3, I don't expect me coming here.
common_voice_en_100370.mp3, 3 tabs is me.
common_voice_en_100371.mp3, To be continued...
common_voice_en_100373.mp3, So it's not quite as powerful as you might expect and most of the time I rely on the built-in vocabulary.
common_voice_en_100374.mp3, Brenda Peters just escaped from the county jail.
common_voice_en_100375.mp3, You've got the brain of a pancake!
common_voice_en_100376.mp3, Who else knows about this?
common_voice_en_100377.mp3, About how wealthy would you say?
common_voice_en_100378.mp3, It almost retained its shape.
common_voice_en_100379.mp3, nobody said it would be easy
common_voice_en_10038.mp3, And the other honeymoon in a coal mine.
common_voice_en_100380.mp3, What is she doing over here?
common_voice_en_100382.mp3," If I send him to his dad's, he won't get bathed for a week."
common_voice_en_100383.mp3, This is Keith Miller.
common_voice_en_100384.mp3," Words are, in my not so humble opinion, our most inexhaustible source of magic."
common_voice_en_100385.mp3, This part of the town was half residential half industrial.
common_voice_en_100386.mp3, The Scottish Parliament contains politicians.
common_voice_en_100387.mp3, It could get a whole lot worse.
common_voice_en_100388.mp3, I hate to think what he'll say.
common_voice_en_100389.mp3, For this reason I would still recommend sticking with a screen of up to 24 inches.
common_voice_en_10039.mp3, The door is locked.
common_voice_en_100390.mp3, I'm terribly sorry she isn't here.
common_voice_en_100392.mp3," For most owners of the car model, the issue isn't noticeable."
common_voice_en_100393.mp3, She learned how to play the piano in a music school.
common_voice_en_100394.mp3, Most of my friends have already finished college.
common_voice_en_100395.mp3, I don't care if you have been after it for six years.
common_voice_en_100396.mp3," Without the data set, the article would be meaningless."
common_voice_en_100397.mp3, Underneath the ground was a world unknown to any human.
common_voice_en_100398.mp3, Thank God you are there.
common_voice_en_100399.mp3, What is it about?
common_voice_en_1004.mp3, වීක්ග ගොඩුනතිතා඀හිමටයාර කිනදයෙළ.
common_voice_en_10040.mp3, Take hold of the cover.
common_voice_en_100400.mp3, I really hope I can earn a badge for finishing the class.
common_voice_en_100401.mp3, Don't try to move.
common_voice_en_100402.mp3," I had to act quickly, that's why I jumped in."
common_voice_en_100403.mp3, I used the mark ring on Emacs to jump to the previous locations.
common_voice_en_100404.mp3," Now, wait a minute."
common_voice_en_100405.mp3, My initial assumption about the face displaced pulse was wrong
common_voice_en_100406.mp3, I got the faculty all up out of bed
common_voice_en_100407.mp3," She said, durable, not novel, when it comes to chairs."
common_voice_en_100408.mp3, Keep your phone handy in case I text you with subway updates.
common_voice_en_100409.mp3, Then connect to local host within Windows.
common_voice_en_10041.mp3, This is going to be a white fire.
common_voice_en_100410.mp3, Her greatest dream is to unravel the mysteries of nature as a physicist.
common_voice_en_100411.mp3, Aldo and his grandma quickly discovered a new passion for coding.
common_voice_en_100412.mp3, There is no candy on the dark side.
common_voice_en_100413.mp3, The cursor blinked...expectantly.
common_voice_en_100414.mp3, Can't you understand that?
common_voice_en_100415.mp3, I said with the mouth shut
common_voice_en_100416.mp3, but that's what you're doing
common_voice_en_100417.mp3, You are the biggest person in town.
common_voice_en_100418.mp3, You ought to know that.
common_voice_en_100419.mp3, Will you do that for me?
common_voice_en_10042.mp3, I wish there were two
common_voice_en_100420.mp3, Tokyo is so humid this time of year.
common_voice_en_100421.mp3, I should thank you
common_voice_en_100422.mp3, Whom are you calling now?
common_voice_en_100423.mp3, Are you going to believe every lie he tells you?
common_voice_en_100424.mp3, But they are somebody's children?
common_voice_en_100425.mp3, What did you do with her?
common_voice_en_100426.mp3, Tell them Mrs. Craig is here.
common_voice_en_100427.mp3, The shining gem was exhilarating to behold as it sparkled.
common_voice_en_100428.mp3, I was hungry so I bought a pizza.
common_voice_en_100429.mp3, Turn on the lights.
common_voice_en_10043.mp3, Did you win the Christmas track?
common_voice_en_100430.mp3, How should I know?
common_voice_en_100431.mp3, She was jealous of the girl with polish on her nails and a handsome guy at her side.
common_voice_en_100432.mp3, What good will it do?
common_voice_en_100433.mp3, Why don't you shut up?
common_voice_en_100434.mp3, I use it to track my personal to-do list which is full of everything from boring  cause to exciting new things I want to try
common_voice_en_100435.mp3, Now give us 60 days on this
common_voice_en_100436.mp3, Carbon monoxide is a very dangerous gas.
common_voice_en_100437.mp3, And get me a pen.
common_voice_en_100438.mp3, Cause you know how politicians are.
common_voice_en_100439.mp3, These are not camels.
common_voice_en_10044.mp3, This is the moment I've been waiting for.
common_voice_en_100440.mp3, Golf stands for the letter G in the NATO phonetic alphabet.
common_voice_en_100441.mp3, She was waiting for her response.
common_voice_en_100442.mp3," That is an anti-lope, my son."
common_voice_en_100443.mp3, I cannot help but feel that this topic is hopelessly outdated.
common_voice_en_100444.mp3, She must have known Alex pretty well.
common_voice_en_100445.mp3, An LED was indicating the proximity detector was working properly.
common_voice_en_100446.mp3, The biological thread was contained.
common_voice_en_1004468.mp3, That is all I know
common_voice_en_1004469.mp3, Bye.
common_voice_en_100447.mp3, This is as far as the elevator goes.
common_voice_en_1004470.mp3," The combination of trumpets, violins and a drum set is quite unusual."
common_voice_en_1004471.mp3, How much do you want?
common_voice_en_1004472.mp3, The basketball bounced off his shield of titanium.
common_voice_en_1004473.mp3, He's an immigrant from Portugal.
common_voice_en_100448.mp3, All I say is spit them out.
common_voice_en_100449.mp3, They are called private and public key.
common_voice_en_10045.mp3, you've been in a fight
common_voice_en_100450.mp3, And the last one.
common_voice_en_100451.mp3, How do you suppose Ken got that gun?
common_voice_en_100452.mp3, The space quickly filled with people.
common_voice_en_100453.mp3, Team 4 vil mødes op til point B med Team 5.
common_voice_en_100454.mp3, They were spaced out in rows three feet apart.
common_voice_en_100455.mp3, A man doesn't get in a situation like this every day
common_voice_en_100456.mp3," If you don't stop following me, I will call the police."
common_voice_en_100457.mp3, You have no identity.
common_voice_en_100458.mp3, Where did you get it?
common_voice_en_100459.mp3," Jeg var denne op der, doing the farting."
common_voice_en_10046.mp3, I have the unsteady
common_voice_en_100460.mp3, I would hate to have that many pins stuck in me.
common_voice_en_100461.mp3, What's your status?
common_voice_en_100462.mp3, I have a warm feeling for my pair of dog walkers.
common_voice_en_100463.mp3, I don't know anything.
common_voice_en_100464.mp3," Night after night, Holly came back late from the office."
common_voice_en_100465.mp3, You've got lipstick all over your mouth.
common_voice_en_100466.mp3, one of the worst crooks in town
common_voice_en_100467.mp3, They can't use the Gina Doe clubs for politics.
common_voice_en_100468.mp3, It was papa that sends you flowers every day
common_voice_en_100469.mp3, Do you care if I sit down out here?
common_voice_en_10047.mp3, In some places the ground was covered with the salt of dried up lakes.
common_voice_en_100470.mp3, One of the world's biggest problem is the growth of human population.
common_voice_en_100471.mp3, The city's lights were stunning to behold.
common_voice_en_100472.mp3, Then who are you?
common_voice_en_100473.mp3, that's a lot of gold
common_voice_en_100474.mp3, Don't be an idiot.
common_voice_en_100475.mp3, The hedgehog was collecting brown leaves.
common_voice_en_100476.mp3, Where's the old goat?
common_voice_en_100477.mp3, Who is it from?
common_voice_en_100478.mp3, Why couldn't you just look at his feet?
common_voice_en_100479.mp3, The one you are blocking?
common_voice_en_10048.mp3," That baker, he said to himself, without completing the thought."
common_voice_en_100480.mp3, Which view would you like?
common_voice_en_100481.mp3, I think it's too overwhelming to introduce two complex tools that basically do the same things.
common_voice_en_100482.mp3, Been seeing me in your dreams?
common_voice_en_100483.mp3, We ate spicy rice with chicken legs and white mushrooms.
common_voice_en_100484.mp3, What was the reason for the increase?
common_voice_en_100485.mp3," A couple years later I watched a great talk by Tevis Rad, using Python to code by voice."
common_voice_en_100486.mp3, Our new AI can dynamically adapt the balance of the gameplay.
common_voice_en_100487.mp3, Your wife was wanted by the University of Florida.
common_voice_en_100488.mp3, She supports a mother and two kids.
common_voice_en_100489.mp3, You said it to me too.
common_voice_en_10049.mp3, But in his heart he knew that it did matter.
common_voice_en_100490.mp3, Just finished working.
common_voice_en_100491.mp3, Hvorfor var jeg i Australien og i Diapas?
common_voice_en_100492.mp3, Albert didn't have a brother?
common_voice_en_100493.mp3, Just things like that.
common_voice_en_100494.mp3, She can't get away.
common_voice_en_100495.mp3, They inspected the menu at the restaurant.
common_voice_en_100496.mp3, The baby definitely has the sniffles.
common_voice_en_100497.mp3," The pre-packaged binaries are several years out of date, so I recommend cloning their  git repository."
common_voice_en_100498.mp3, Know what my old man did when I joined up?
common_voice_en_1005.mp3, سدام دوستان از از از
common_voice_en_10050.mp3," Finally, after hours of waiting, the God-bade-the-boy enters."
common_voice_en_100500.mp3, It's a terrible reflection on our city.
common_voice_en_100501.mp3, She got the Congressional Medal of Honor.
common_voice_en_100502.mp3, The computer artist waited for the latest image to render.
common_voice_en_100503.mp3, The woman in the red dress is stunning.
common_voice_en_100504.mp3, This text aims to include a diverse set of vocabulary.
common_voice_en_100505.mp3, What are they gonna think about you?
common_voice_en_100507.mp3, you're shaking the house down
common_voice_en_100508.mp3, I can see a smiling face in the clouds.
common_voice_en_100509.mp3, You like the depletion one with the diamonds?
common_voice_en_10051.mp3," Mostly, just the hearts of those who are trying to realize their destinies."
common_voice_en_100510.mp3, My name is Tebra.
common_voice_en_100511.mp3, well I should think it was some
common_voice_en_100512.mp3, Davion is an operating system which is free as in freedom.
common_voice_en_100513.mp3, And the nightgown had changed into a beautiful weddinggown.
common_voice_en_100514.mp3, The one we pick has got to be the typical average person.
common_voice_en_100515.mp3, I was just asking
common_voice_en_100516.mp3, I don't want a better one later!
common_voice_en_100517.mp3, I give my hands a chance to heal from RSI repetitive straining injury on the weekends.
common_voice_en_100518.mp3, I'm in a good mood right now.
common_voice_en_100519.mp3, I felt a chill down my spine.
common_voice_en_100520.mp3," Unlike voice code, which is a complete solution, Dragonfly is just an improved Python API to Dragon."
common_voice_en_100521.mp3, There's an artist on campus who makes some really cool drawings.
common_voice_en_100522.mp3, I would appreciate if you could create a cool side table.
common_voice_en_100523.mp3, I told you you can't use your column anymore.
common_voice_en_100524.mp3, In a little while
common_voice_en_100525.mp3, She thought it might be a cheap copy but she didn't want to know.
common_voice_en_100526.mp3, The brake fluid was leaked out into the pad.
common_voice_en_100527.mp3, I need some coffee.
common_voice_en_100528.mp3, I know how they feel.
common_voice_en_100529.mp3, I'll do anything you say.
common_voice_en_100530.mp3, I don't want any part of this thing.
common_voice_en_100531.mp3," Those men are all got chicks, don't be fooled."
common_voice_en_100532.mp3," Christmas Eve at night, at night, we at night."
common_voice_en_100533.mp3, everyone gets cold and you know we've been waiting for you
common_voice_en_100534.mp3, Ogilvy told him everything that he would see.  Oh shi-
common_voice_en_100535.mp3, You
common_voice_en_100536.mp3, Oh
common_voice_en_100537.mp3, Can you carry this task?
common_voice_en_100538.mp3," When you start to eat like this, something is the matter."
common_voice_en_100539.mp3, And so will you.
common_voice_en_10054.mp3, It was difficult not to think about what he had left behind.
common_voice_en_100540.mp3, Same way you did.
common_voice_en_100541.mp3," Jesus, I'm really happy."
common_voice_en_100542.mp3, This is virtual lesson content.
common_voice_en_100543.mp3, ᗏᗜᗜᗜᗜᗜᗜᗜᗜᗜ
common_voice_en_100544.mp3,
common_voice_en_100545.mp3,
common_voice_en_100546.mp3, I told him that she was there to see her brother.
common_voice_en_100547.mp3, Each pen is shown like new.
common_voice_en_100548.mp3, Galileo Galilei was the first man who observes the planet Neptune through his telescope.
common_voice_en_100549.mp3," Coming home, a party of tourists past us singing and playing music."
common_voice_en_100550.mp3," They looked for the fallen mass, but found nothing."
common_voice_en_100551.mp3, The turf and gravel around it seem charred as if by a sudden explosion.
common_voice_en_100552.mp3, A large piece suddenly came off and fell with a loud and sharp noise.
common_voice_en_100553.mp3, The newspaper articles had prepared everyone for the reception of the idea.
common_voice_en_100554.mp3," Before guns are invented, armies had to throw bullets at each other, and if a bullet touched you, you had to sit out until the next war."
common_voice_en_100555.mp3, Most meteorites are more or less rounded.
common_voice_en_100556.mp3, I had a peculiar humming sound from the pit.
common_voice_en_100557.mp3, The burning fire had been extinguished.
common_voice_en_100558.mp3," Don't give in to your fears, said the alchemist in a strangely gentle voice."
common_voice_en_100559.mp3," What is love, the desert asked."
common_voice_en_10056.mp3, It was the pure language of the world.
common_voice_en_100560.mp3, I was wondering if you could tell me a bit more about what it's like to live and work there.
common_voice_en_100561.mp3, The next day the boy returned to the well hoping to see the girl.
common_voice_en_100562.mp3, The boys' heart began to speak of fear.
common_voice_en_10056232.mp3, Better late thrive than never do well.
common_voice_en_10056233.mp3, The gloss on top made it unfit to read.
common_voice_en_10056234.mp3, The music played on while they talked.
common_voice_en_10056235.mp3, You are quite right.
common_voice_en_10056236.mp3, Do that with a wooden stick.
common_voice_en_10056237.mp3," Wow, look how deep this canyon is."
common_voice_en_100563.mp3, His new friend pushed the owner aside and pulled the boy outside with him.
common_voice_en_100564.mp3, The Shepard said nothing.
common_voice_en_100565.mp3," We could get to the Pyramids by tomorrow, said the other, taking the money."
common_voice_en_100566.mp3, In those days very few of the people had any idea about astronomy.
common_voice_en_100567.mp3, Not until the moon was high did the Artemis ride into view.
common_voice_en_10056750.mp3, The internal doors of the house would need to be replaced because they were very ugly.
common_voice_en_10056751.mp3, The grass is always greener on the other side of the fence.
common_voice_en_10056752.mp3, What on earth are you rambling about?
common_voice_en_100568.mp3," That's the magic of omens, said the boy."
common_voice_en_100569.mp3, It was such a gradual movement that he found it only by noticing the dots.
common_voice_en_10057.mp3, The old man wore a breastplate of heavy gold covered with precious stones.
common_voice_en_100570.mp3, And this is what your son said the angel told the man
common_voice_en_100571.mp3, Why do they make things so complicated? He asked the Englishman one night.
common_voice_en_100572.mp3, Throughout the entire day we will be on the lookout for our enemies.
common_voice_en_100573.mp3, It's not a battle of good against evil.
common_voice_en_100574.mp3," When I'm eating, that's all I think about."
common_voice_en_100575.mp3, The boy was becoming nervous.
common_voice_en_10057618.mp3, Of course we do.
common_voice_en_10057619.mp3," Hej, luck, a flying pig!"
common_voice_en_100577.mp3, The old man looked disappointed.
common_voice_en_100578.mp3," She keeps saying that she has no regrets about moving back home, but I'm not sure if it's entirely true."
common_voice_en_100579.mp3," Among these people were a couple of cyclists, Gardner, I employed sometimes, and a girl carrying a baby."
common_voice_en_10058.mp3, And that's where the power of love comes in.
common_voice_en_100580.mp3," It was as if it quivered, but really this was the telescope vibrating."
common_voice_en_100581.mp3," Let's, the elk must answer."
common_voice_en_100582.mp3, We'll make a mystery out of him.
common_voice_en_100584.mp3, And modicons are familiar to everyone nowadays.
common_voice_en_100585.mp3, Then came a war.
common_voice_en_100586.mp3, He had to spit some tobacco out of his mouth.
common_voice_en_100587.mp3, They're not my children.
common_voice_en_100588.mp3, He proposed a solution.
common_voice_en_100589.mp3, Can you see what is beyond the golden birches?
common_voice_en_10059.mp3," He dressed in his Arabian clothing of white linen, bought especially for this day."
common_voice_en_100590.mp3, Lighthouse is in a foggy world.
common_voice_en_100591.mp3, The first baseman dropped the ball.
common_voice_en_100592.mp3, Grandpa is always so calm and collected.
common_voice_en_100593.mp3," They walked in from the rain, all disheveled and steaming."
common_voice_en_100594.mp3, That's what I'd like to know.
common_voice_en_100595.mp3, You're worth your weight in gold.
common_voice_en_100596.mp3, A predator drone equipped with multiple cruise missiles lifted off.
common_voice_en_100597.mp3, The drawer was stuck closed.
common_voice_en_100598.mp3, We've got to get bail.
common_voice_en_100599.mp3, Ask the Mastermind.
common_voice_en_1006.mp3," As soon as he saw me among the crowd, he called to me to calm down."
common_voice_en_10060.mp3," The omens will begin insistently to speak of it, and you'll try to ignore them."
common_voice_en_100600.mp3, It was Linda Keller.
common_voice_en_100602.mp3, I'm in a drugstore.
common_voice_en_100603.mp3, I think it's plenty terrific.
common_voice_en_100604.mp3, What have you got to report?
common_voice_en_100605.mp3, Maybe he'll give us one.
common_voice_en_100606.mp3, I guess they just can't help it.
common_voice_en_100607.mp3, Did you know that Kevin Marcus is back from school?
common_voice_en_100608.mp3, Don't you like her?
common_voice_en_100609.mp3, There might be secret messages in this text.
common_voice_en_10061.mp3, It may be the gases of the firing that cause the Martians inconvenience.
common_voice_en_100610.mp3, Then I take it there are no objections.
common_voice_en_100611.mp3, Might as well be living in a refrigerator.
common_voice_en_100612.mp3, The poem was great.
common_voice_en_100613.mp3, You can do that to me.
common_voice_en_100614.mp3, What's your first name?
common_voice_en_100615.mp3, I'm glad your gentlemen are here.
common_voice_en_100616.mp3, Feller runs the February months.
common_voice_en_100617.mp3, He says it's the chance of a lifetime.
common_voice_en_100618.mp3, under the inquisition
common_voice_en_100619.mp3, oh that will be fun
common_voice_en_10062.mp3, Mä oon tehnyt tekemään tekemään puolesta.
common_voice_en_100620.mp3, There is no lock but a golden key will open it.
common_voice_en_100621.mp3, The end of the cylinder was still as Ogilvy and Henderson had left it.
common_voice_en_100622.mp3, A large portion of the cylinder had been uncovered.
common_voice_en_100624.mp3, The first rule of Don't Fight Club is let's talk about it.
common_voice_en_100625.mp3, Ogilvy told him everything that he had seen.
common_voice_en_100626.mp3, Some storms are worth the wreckage.
common_voice_en_100627.mp3, He approached the mass and was surprised at the size and the shape.
common_voice_en_100628.mp3, The crowd swayed a little as her elbow came away through.
common_voice_en_100629.mp3, I thought about the difficulties and translation that might arise.
common_voice_en_100630.mp3, There were lights in the upper windows of the houses when the people went to bed.
common_voice_en_100631.mp3, The newspaper articles had prepared everyone for the reception of the idea.
common_voice_en_100632.mp3, I was disappointed at this inanimate bulk.
common_voice_en_100633.mp3, It left a greenish streak that glowed for some seconds.
common_voice_en_100634.mp3, I know you're unhappy.
common_voice_en_100635.mp3, The only shadow was that of the few scattered pine trees.
common_voice_en_100636.mp3, He got up early with the idea of finding it.
common_voice_en_100637.mp3, I've watched you grow up from a little boy.
common_voice_en_100638.mp3," He looked like an Arab, which was not unusual in those parts."
common_voice_en_100639.mp3," That day, he didn't make a cast."
common_voice_en_100640.mp3," From atop its walls, one can catch a glimpse of Africa."
common_voice_en_100641.mp3, It was dropping off in flakes and raining down on the sand.
common_voice_en_100642.mp3," I don't know how to find life in the desert, the boy said."
common_voice_en_100643.mp3," Of course, the two were unable to do anything."
common_voice_en_100644.mp3, I am following my destiny.
common_voice_en_100645.mp3, It was there that the wise man lived.
common_voice_en_100646.mp3, The men climbed the hill and they were tired when they reached the top.
common_voice_en_100647.mp3," Those gypsies are really smart, he thought."
common_voice_en_100648.mp3, Mary told me that she got to meet up with you while she was back in San Francisco.
common_voice_en_100649.mp3, that baker he said to himself without completing the thought
common_voice_en_10065.mp3, Silloin G is always play in that formation.
common_voice_en_100650.mp3," I understand sheep. They're no longer a problem, and they can be good friends."
common_voice_en_100651.mp3," I'd like to buy a display case for the crystal,"" the boy said to the merchant."
common_voice_en_100652.mp3, Maybe she didn't even remember him.
common_voice_en_100653.mp3, The caravan would be very lucky to reach the oasis.
common_voice_en_100654.mp3, The boy had never even noticed that there was a hole in his pouch.
common_voice_en_100655.mp3, But you don't know about love.
common_voice_en_100656.mp3, But only speak a word and my servant will be healed.
common_voice_en_100657.mp3," He wanted to say so to the alchemist, but he was afraid of the man."
common_voice_en_100658.mp3, You will never be able to escape from your heart.
common_voice_en_100659.mp3, He started to read the book he had bought.
common_voice_en_10066.mp3, The eye we cleaned up the building and wrapped itself around the chimney.
common_voice_en_100660.mp3, But Fatima's hands held to the handles of her job.
common_voice_en_100661.mp3," When the lead had become liquid, the alchemist took from his pouch the strange yellow egg."
common_voice_en_100662.mp3, Exactly answered the alchemist.
common_voice_en_100663.mp3, The Emeralds Tablet is a direct passage to the soul of the world.
common_voice_en_100664.mp3, The boy was getting irritated.
common_voice_en_100665.mp3, You could always become a crystal salesman again.
common_voice_en_100666.mp3, The boy didn't want to talk about the pyramids.
common_voice_en_100667.mp3, and continue to pay heed to the almonds.
common_voice_en_100668.mp3, It's new of the boys' talk with the desert because the winds know everything.
common_voice_en_100669.mp3, This wasn't a strange place. It was a new one.
common_voice_en_10067.mp3," Olen tullut niin paljon, että olet jokainen."
common_voice_en_100670.mp3, Then he took from his knapsack a bottle of wine and drank some.
common_voice_en_100672.mp3, The boy smiled to himself.
common_voice_en_100673.mp3," Then, taking his sheep, he walked away."
common_voice_en_100674.mp3," It is I, the boy answered."
common_voice_en_100675.mp3, He was older and was carrying a small bucket.
common_voice_en_100676.mp3," When I had my sheep, I was happy, and I made those around me happy."
common_voice_en_100677.mp3, The boy didn't say anything.
common_voice_en_100678.mp3, He noticed the unequal cooling of its surface.
common_voice_en_100679.mp3," Even from a distance, their eyes conveyed the strength of their souls."
common_voice_en_10068.mp3, Should I learn to sing?
common_voice_en_100680.mp3, because the crystal was dirty
common_voice_en_100681.mp3, He wanted to forget about the vision and return to his meditation.
common_voice_en_100682.mp3, They called that discovery the master work.  It was part liquid and part solid.
common_voice_en_100683.mp3, The old man said nothing.
common_voice_en_100684.mp3," You can get around very easily by train, which is a very relaxing and affordable way to travel."
common_voice_en_100685.mp3," The thief wasn't there, and the owner brought him a cup of tea."
common_voice_en_100686.mp3," As he sat there, thinking, he sensed movement above him."
common_voice_en_100687.mp3, He spent the entire morning observing the infrequent comings and goings in the street.
common_voice_en_100688.mp3," The boy offered his bottle, hoping that the old man would leave him alone."
common_voice_en_100689.mp3," I'm going with you, the boy said."
common_voice_en_10069.mp3, Do you dentalize?
common_voice_en_100690.mp3, Absolutely despicable that gingerbread men are forced to live in houses made of their own flesh.
common_voice_en_100691.mp3, It was my fear of failure that first kept me from attempting the masterwork.
common_voice_en_100692.mp3," Don't be impatient, he repeated to himself."
common_voice_en_100693.mp3, The boy was embarrassed and confessed that he had observed nothing.
common_voice_en_100694.mp3, The burning fire had been extinguished.
common_voice_en_100695.mp3, Strange images passed through my mind.
common_voice_en_100696.mp3," A long note was sounded on a bugle, and everyone mounted up."
common_voice_en_100698.mp3," So the wind blew with all its strength, and the sky was filled with sand."
common_voice_en_100699.mp3, Not even the tribal chieftains are able to see him when they want to.
common_voice_en_1007.mp3, It's extremely suspicious that there's no information about brains that didn't come from a brain.
common_voice_en_10070.mp3," Se usein liittyvät kettelbälsä, nyt se jatkuu."
common_voice_en_100700.mp3, I looked at the cylinder again and it was completely terrified.
common_voice_en_100701.mp3, The boy went to look for the Englishman.
common_voice_en_100702.mp3, It was no more exciting than an overturned carriage or a tree blown across the road.
common_voice_en_100703.mp3, Who is this man?
common_voice_en_100704.mp3, please look up the song twist of shadows
common_voice_en_100705.mp3, I think somebody stole one of his crown jewels.
common_voice_en_100706.mp3," The Everlasting Jew, The Wondering Jew."
common_voice_en_100707.mp3, Arnold presented a chart showing how many storks he had counted in the past 10 years.
common_voice_en_100708.mp3, Old work and no play makes Jack a dull boy.
common_voice_en_100709.mp3, Machine gun fire awoke the fugitives and sent them into a frenzy.
common_voice_en_10071.mp3, In a little while
common_voice_en_100710.mp3, In firm of purpose.
common_voice_en_100711.mp3, I want to hear the album live in Munich by Laura Love.
common_voice_en_100712.mp3, Our influence on their monopoly is tiny.
common_voice_en_100713.mp3, Seems like yesterday to me
common_voice_en_100714.mp3," With that new haircut, you look ridiculous."
common_voice_en_100715.mp3, I won't get my wings with that attitude.
common_voice_en_100716.mp3, What did your family have to say about it?
common_voice_en_100717.mp3," I won't be able to meet you for lunch today, sorry."
common_voice_en_100718.mp3, The birthday party was a surprise.
common_voice_en_100719.mp3, What's all this horseplay about?
common_voice_en_10072.mp3, Onneksi järjestelmät tarvitsevat meidän helposti.
common_voice_en_100720.mp3, There are two challenges.
common_voice_en_100721.mp3, Don't underestimate the power of boredom.
common_voice_en_100722.mp3, A dash of pepper spoils beef stew.
common_voice_en_100723.mp3, Is that okay?
common_voice_en_100724.mp3," Add a tune to my playlist, Guest List Polygon."
common_voice_en_100725.mp3, The kitten mewed relentlessly at the top of the stairs.
common_voice_en_100726.mp3, What's the matter?
common_voice_en_100727.mp3, Whittings are small fish caught in nets.
common_voice_en_100728.mp3, You've put one administration out and another in.
common_voice_en_100729.mp3, Can you find me the shockwave picture?
common_voice_en_10073.mp3, I'll always remember it.
common_voice_en_100730.mp3, Give this book 5 out of 6 points.
common_voice_en_100731.mp3, Mr. Robinson will be on time.
common_voice_en_100732.mp3, The bombs left most of the town in ruins.
common_voice_en_100733.mp3, This strong arm shall shield your honor.
common_voice_en_100734.mp3," Get down, quick!"
common_voice_en_100735.mp3, you've been in a fight
common_voice_en_100736.mp3, He was excited and at the same time uneasy. Maybe the girl had already forgotten him.
common_voice_en_100737.mp3, Sometimes it's better to be with a sheep who don't say anything.
common_voice_en_100738.mp3," The boy swore that, every time he heard the alarm, he would heed its message."
common_voice_en_100739.mp3, The faces were hidden behind blue veils with only the eyes showing.
common_voice_en_10074.mp3, Hän ei sanoi minulle tämän vuoksi.
common_voice_en_100740.mp3, He must be disguised to avoid encounters with thieves.
common_voice_en_100741.mp3, He took his money from his pouch and showed it to the young man.
common_voice_en_100742.mp3, The end of the cylinder was still as Ogilvy and Henderson had left it.
common_voice_en_100743.mp3, It was just that he couldn't grasp what it meant.
common_voice_en_100744.mp3," Ond ydy'n gweithio'r ddau o'r ddau o'r cyffredinol, yn ymdweithio'r cyffredinol."
common_voice_en_100745.mp3," He lives at the Al Phaeum Oasis, his friend had said."
common_voice_en_100746.mp3," But if you can, try to make your own decisions."
common_voice_en_100747.mp3, The alchemist followed as the boys horse ran for almost half an hour.
common_voice_en_100748.mp3, and finally the falcon returned with their meal.
common_voice_en_100749.mp3, I told him that was what I had come here to learn.
common_voice_en_10075.mp3, It was flowering beautifully.
common_voice_en_100750.mp3," As he was leaving, he saw in the corner of the room his old shepherd's pouch."
common_voice_en_100751.mp3," Yes, it was a little too large for assurance."
common_voice_en_100752.mp3, From then on he would make his own decisions.
common_voice_en_100753.mp3, you are wise because you observe everything from a distance the boy said
common_voice_en_10075383.mp3," Even the weak, when united, become powerful."
common_voice_en_10075384.mp3, What do you mean to do?
common_voice_en_10075385.mp3, How long have I been here?
common_voice_en_10075386.mp3, What to mind to do?
common_voice_en_10075388.mp3, I am sorry for it.
common_voice_en_10075389.mp3, Solveying system of arranging the scale of music by the names of Dore Mi Fa Sol La Si  a voice exercise.
common_voice_en_10075390.mp3, It looks like Lena left her jacket.
common_voice_en_10075391.mp3," I'm okay, if you're okay about it."
common_voice_en_10075392.mp3," Damage suffered makes you knowing, but seldom rich."
common_voice_en_10075393.mp3, Uranium and plutonium are radioactive.
common_voice_en_100754.mp3, The boy leapt as well but away from the alchemist.
common_voice_en_100755.mp3, The sun was setting when the boy's heart sounded a danger signal.
common_voice_en_100756.mp3," There's gold here, he said."
common_voice_en_100757.mp3, The only shadow was that of the few scattered pine trees.
common_voice_en_100758.mp3, The top of the cylinder was rotating on its body.
common_voice_en_100759.mp3," When the Simun ceased to blow, everyone looked to the place where the boy had been."
common_voice_en_10076.mp3, Here's the man the ads are written for.
common_voice_en_100761.mp3, He stood a resolute for a moment and then scrambled out of the pit.
common_voice_en_100762.mp3," Looking through the telescope, I saw a circle of deep blue in the little round planet."
common_voice_en_100763.mp3, No one seems to have thought about it that night.
common_voice_en_100764.mp3, You should evaluate it in a perceptual experiment.
common_voice_en_100765.mp3, You've resented me from the first moment you saw me.
common_voice_en_100767.mp3, She loves to get up early.
common_voice_en_100768.mp3, I die for either of you.
common_voice_en_100769.mp3, I hate to think what he'll say.
common_voice_en_10077.mp3, The whole town's gone crazy.
common_voice_en_100770.mp3, I imagine this will be a surprise to some people.
common_voice_en_100771.mp3, You should read the new book Mark Twain's writing now.
common_voice_en_100772.mp3," And I say, maybe you both have it."
common_voice_en_100773.mp3, Don't you know me?
common_voice_en_100774.mp3, I'm not afraid of anything.
common_voice_en_100775.mp3, The sticker was peeling from the item.
common_voice_en_100776.mp3, It gives you an idea of the season.
common_voice_en_100777.mp3, That song reminds me of my childhood.
common_voice_en_100778.mp3," I'm already imagining myself at a cafe somewhere far away, scribbling away and daydreaming about the past."
common_voice_en_100779.mp3, That isn't what I got married for.
common_voice_en_10078.mp3, I end seeing him for a week
common_voice_en_100780.mp3, This Samantha Tommy movement cost you a fortune.
common_voice_en_100781.mp3, Do you know him?
common_voice_en_100782.mp3, it's Candice now on long distance from Washington
common_voice_en_100783.mp3, How am I going to live until the bank opens?
common_voice_en_100784.mp3, You can't say that about my father.
common_voice_en_100785.mp3, Have you got my dough?
common_voice_en_100786.mp3, Μπορεί να είχε λάθει.
common_voice_en_100787.mp3, heads popping back behind doors
common_voice_en_100788.mp3," The night was warm, and I was thirsty."
common_voice_en_100789.mp3, But I found it difficult to work because of the investigations.
common_voice_en_10079.mp3, I beg of you not to do this thing.
common_voice_en_100790.mp3, I need you to be spontaneous. He asked me out to dinden
common_voice_en_100791.mp3, They shouted consolation and promises and went off back to the town again to get help.
common_voice_en_100792.mp3, He was immensely excited at the news.
common_voice_en_100793.mp3, I am going to get them.
common_voice_en_100794.mp3, To be continued.
common_voice_en_100795.mp3, I've got to get started on my interview.
common_voice_en_100796.mp3, Have you got that money?
common_voice_en_100797.mp3," Words are, in my not-so-humble opinion, almost inexhaustible source of magic."
common_voice_en_100799.mp3, I was terribly worried.
common_voice_en_1008.mp3, I just don't trust anyone who says they've never had hamburger helper.
common_voice_en_10080.mp3, Minulla oli 5 000 bug suhut.
common_voice_en_100800.mp3, Colin Will-Evano
common_voice_en_100802.mp3, She spent almost the whole night finishing her thesis.
common_voice_en_100803.mp3, I don't think it's very ethical reading other people's stuff.
common_voice_en_100804.mp3, I've suddenly become quite important.
common_voice_en_100806.mp3, It's a pity most people do not know what gifts they're good for.
common_voice_en_100807.mp3, As nice as Blake's.
common_voice_en_100808.mp3, Embedded scripts for external sources can harm the user's privacy.
common_voice_en_100809.mp3, That's got nothing to do with it.
common_voice_en_10081.mp3, Täällä on majo ja pulmalla ympäristöä.
common_voice_en_100810.mp3, Who is over and what did he do?
common_voice_en_100811.mp3, අලෙීු ඩීමා එප්හ තාවණුස්දින න්යින්න්න් ඔවළීවේය එශ්වුසිටියිකයික්නියෝාින්ව්යාවීභිහේ්න්වීන්වින්න්වෙල්වේය්න්වවෙතයෝහැකිමතයය�
common_voice_en_100812.mp3, She tried to stop the bleeding of her thighs with a tissue.
common_voice_en_100813.mp3, But you were a little girl.
common_voice_en_100814.mp3, A touch of colic.
common_voice_en_100815.mp3, With his troll post he provoked the hackers to do penetration testing for him.
common_voice_en_100816.mp3, The visual acuity is astonishing.
common_voice_en_100817.mp3," If my stepfather sold this old sculptor, he'd probably become a millionaire."
common_voice_en_100818.mp3, But the land was ruined and I had to find some other way to earn a living.
common_voice_en_100819.mp3, The old man gave the signal and everyone stood.
common_voice_en_10082.mp3, Prokrastination on suurin problemi in the 21st century.
common_voice_en_100820.mp3, The alchemist removed the pan from the fire and set it aside to cool.
common_voice_en_100821.mp3, Who wants to see liver pills?
common_voice_en_100822.mp3, You can get them for me
common_voice_en_100823.mp3, I wired her that I wasn't coming.
common_voice_en_100824.mp3, Do you have any secret hiding place here in the house?
common_voice_en_100825.mp3, I am through listening to you.
common_voice_en_100826.mp3, I changed my mind.
common_voice_en_100827.mp3, You're not going anywhere.
common_voice_en_100828.mp3, I didn't hear it.
common_voice_en_100829.mp3, Have you ever tried?
common_voice_en_10083.mp3," En tiedä, kuinka paikalla katsotaan sitä."
common_voice_en_100830.mp3," For at that time, it had not so close to him that it might be hollow."
common_voice_en_100831.mp3, He approached the mast and was surprised at the size and shape.
common_voice_en_100832.mp3," Among these people were a couple of cyclists, a gardener and employees in times and a giocare and a baby."
common_voice_en_100833.mp3, He was immensely excited at the news.
common_voice_en_100834.mp3, There was a raised voice and some thought of struggle appeared to be going on.
common_voice_en_100835.mp3, I thought the unscrewing might be automatic.
common_voice_en_100836.mp3," I'm afraid that if my dream is realized, I'll have no reason to go on living."
common_voice_en_100837.mp3, The boy wanted to believe that his friend had simply become separated from him by accident.
common_voice_en_100838.mp3, He took his money from his pouch and showed it to the young man.
common_voice_en_100839.mp3, then suddenly you noticed it with a start
common_voice_en_10084.mp3, The houses were squeezed together like sardines.
common_voice_en_100840.mp3," This morning, I found a calculator if to my Wii."
common_voice_en_100841.mp3," Never stop dreaming, the old king had said."
common_voice_en_100842.mp3, The steel of its blade glittered in the light of the moon.
common_voice_en_100843.mp3, And the falcon then nourishes man.
common_voice_en_100844.mp3, And he looked out over the desert that had brought him to the woman he loved.
common_voice_en_100845.mp3, He was more certain of it than of anything in the world.
common_voice_en_100846.mp3, tomorrow sell your camel and buy a horse
common_voice_en_100847.mp3," From then on, he would make his own decisions."
common_voice_en_100848.mp3, I just want to dream about Mecca.
common_voice_en_100849.mp3, It was the time of day when all of Spain slept during the summer.
common_voice_en_10085.mp3, She got the Congressional Medal of Honor.
common_voice_en_100850.mp3, The Englishman was disappointed.
common_voice_en_100851.mp3," It is I who dared to do so, said the boy."
common_voice_en_100852.mp3, The burning fire had been extinguished.
common_voice_en_100853.mp3," On the following day, the first clear sign of danger appeared."
common_voice_en_100854.mp3, maybe because that wasn't really his dream.
common_voice_en_100855.mp3," I can clean up those glasses in the window if you want, said the boy."
common_voice_en_100856.mp3," Now, I'm beginning what I could have started ten years ago."
common_voice_en_100857.mp3, The plumber tightened the leaking wealth.
common_voice_en_100858.mp3, I'm sure she'll be alright.
common_voice_en_100859.mp3, The Englishman was unable to sleep one night.
common_voice_en_10086.mp3, Each sentence should not even be off by one word.
common_voice_en_100860.mp3, Now where was that hat?
common_voice_en_100861.mp3, You've got the money.
common_voice_en_100862.mp3, What do you want to know?
common_voice_en_100863.mp3, I have a problem with how you motivate the method.
common_voice_en_100864.mp3, And I'm afraid we won't it back
common_voice_en_100865.mp3, The reprieve for George.
common_voice_en_100866.mp3, She was throwing snowballs at the sky.
common_voice_en_100867.mp3, Maggie and Uncle Kenny sold war bonds.
common_voice_en_100868.mp3, They were people of the desert and clay mod to hear his stories about the great cities.
common_voice_en_100869.mp3, Where do you live?
common_voice_en_10087.mp3, Oxygen is essential to life on Earth as is water.
common_voice_en_100870.mp3, And I told Harry I thought I'd be bored to death.
common_voice_en_100871.mp3, You've only had five meals today.
common_voice_en_10087158.mp3, tea in thin china has a sweet taste
common_voice_en_10087159.mp3, Hasty judgements are generally faulty.
common_voice_en_10087160.mp3, What is my function?
common_voice_en_10087161.mp3, The water in this well is a source of good health.
common_voice_en_10087162.mp3, He proposed the solution.
common_voice_en_10087163.mp3, Didn't you know that?
common_voice_en_10087164.mp3, You have developed a serious case of pionomia.
common_voice_en_10087165.mp3, Have you ever heard the national anthem of South Korea?
common_voice_en_10087166.mp3, Greeting has burst the bag.
common_voice_en_10087167.mp3, Was that question rhetorical?
common_voice_en_10087168.mp3, The International Space Station is an awesome project.
common_voice_en_10087169.mp3, The vertex was out of an alignment.
common_voice_en_10087170.mp3," Tabito, on the other hand, chose a more pragmatic approach."
common_voice_en_10087171.mp3, The goose was brought straight from the old market.
common_voice_en_10087172.mp3," Three for a dime, the young peddler cried."
common_voice_en_100872.mp3, The sun thought for a minute.
common_voice_en_100873.mp3, That's what she did to me.
common_voice_en_100874.mp3," I do not know how to find life in the desert, the boy said."
common_voice_en_100875.mp3, Mae'n gweithio'n gweithio'n gweithio.
common_voice_en_100876.mp3, Rydyn ni'n gwybodaeth i'r unrhyw hwnnw i'r unrhyw hwnnw i'r unrhyw hwnnw i'r unrhyw hwnnw i'r unrhyw hwnnw.
common_voice_en_100877.mp3," I'm a woman of the desert, she said, averting her face."
common_voice_en_100878.mp3, I'm going back to doing just what I did before to buy thought.
common_voice_en_100879.mp3, Imagine if everyone went around transforming lead into gold.
common_voice_en_10088.mp3, You've got about two minutes.
common_voice_en_100880.mp3, Where do you live? Shout to the boy. That's a horseman right away.
common_voice_en_100881.mp3, The boy preferred wine.
common_voice_en_100882.mp3," Tomorrow, at this same time, bring me a tenth of the off lock."
common_voice_en_100883.mp3," It's too bug that it's quickly going to forget my name, he thought."
common_voice_en_100884.mp3," Don't give in to your fears, said the alchemist, in a strangely gentle voice."
common_voice_en_100885.mp3, but they don't count
common_voice_en_100886.mp3," I heard what you were talking about the other day with the alchemist, the wind said."
common_voice_en_100887.mp3," So you know about love, the boy said."
common_voice_en_100888.mp3, The shop was busy and the manaster shepherd to wait until the afternoon.
common_voice_en_100889.mp3," Cymru'r newydd yn ychydig, rydyn ni'n ddysgu'r ystyr sydd."
common_voice_en_10089.mp3, That's over to him a little.
common_voice_en_100890.mp3," There's no danger, the boy said, when they had moved on past the encampment."
common_voice_en_100891.mp3," Mae'r gweithio, ychydig, ychydig, ychydig a'r gweithio."
